epoch,time,train/box_loss,train/cls_loss,train/dfl_loss,metrics/precision(B),metrics/recall(B),metrics/mAP50(B),metrics/mAP50-95(B),val/box_loss,val/cls_loss,val/dfl_loss,lr/pg0,lr/pg1,lr/pg2
1,310.093,2.09491,2.3425,1.37213,0.44195,0.29753,0.27358,0.12001,1.98418,4.42258,1.30109,0.00040008,0.00040008,0.00040008
2,603.988,1.98548,1.47673,1.28779,0.3704,0.3412,0.28443,0.09794,2.14858,3.49583,1.41792,0.000808743,0.000808743,0.000808743
3,901.511,1.94371,1.31442,1.27738,0.47719,0.46329,0.42984,0.18784,2.03534,2.34528,1.33291,0.00120916,0.00120916,0.00120916
4,1190.25,1.93409,1.31113,1.27458,0.37353,0.58578,0.36185,0.15295,2.05062,1.82361,1.36035,0.00160132,0.00160132,0.00160132
5,1476.39,1.92165,1.1818,1.26297,0.49652,0.51101,0.49056,0.22762,2.0221,1.62119,1.3344,0.00160099,0.00160099,0.00160099
6,1761.59,1.8698,1.14137,1.2569,0.41687,0.54899,0.44668,0.19276,2.07865,1.76579,1.40715,0.00158448,0.00158448,0.00158448
7,2041.61,1.8933,1.17471,1.26297,0.53647,0.54145,0.45766,0.20382,2.04762,2.09384,1.3826,0.00156798,0.00156798,0.00156798
8,2320.08,1.84048,1.10399,1.23004,0.53926,0.57178,0.5138,0.25049,1.98272,1.48416,1.33247,0.00155148,0.00155148,0.00155148
9,2595.68,1.81271,1.05069,1.22314,0.57855,0.56333,0.54873,0.2588,2.0223,1.46061,1.32499,0.00153497,0.00153497,0.00153497
